path,suffix,size_bytes,modified,,size_kb
TEMPLATES/NEW ProfiDeCon_Slovakia_HlavičkovýPapier.docx,.docx,287722,2025-08-01 09:17:00,,280.978515625
TEMPLATES/všzp registračý formulár.pdf,.pdf,1208570,2025-08-01 09:17:00,,1180.244140625
TEMPLATES/ING_skolenie_novela_zakona_o_pobyte_cudzincov_20240718_sk.pptx,.pptx,4791416,2025-08-01 09:17:00,,4679.1171875
TEMPLATES/Dočasné útočisko-application.pdf,.pdf,584751,2025-08-01 09:16:00,,571.0458984375
TEMPLATES/Handover of RP card_bez farebného papiera_.docx,.docx,272671,2025-08-01 09:17:00,,266.2802734375
TEMPLATES/Zrušenie rezervácie CP - ak nejde priamo cez e-mail.docx,.docx,216278,2025-08-01 09:17:00,,211.208984375
TEMPLATES/Soc. Poisťovňa,. poisťovňa,4096,2025-08-01 11:17:22,,4
TEMPLATES/Pozvanie/RE HighChem - help with visa process for visitors from India.msg,.msg,988160,2025-08-01 09:16:00,,965
TEMPLATES/Pozvanie/Pozvanie cudzinca - info.docx,.docx,27891,2025-08-01 09:16:00,,27.2373046875
TEMPLATES/Pozvanie/VI Invitation letter.doc,.doc,51712,2025-08-01 09:16:00,,50.5
TEMPLATES/Pozvanie/Žiadosť o overenie pozvania.doc,.doc,108032,2025-08-01 09:16:00,,105.5
TEMPLATES/Schengenské víza/Checklist - Schengen visa (služobná a obchodná cesta).docx,.docx,34735,2025-08-01 09:16:00,,33.9208984375
TEMPLATES/Schengenské víza/checklist-for-business-visa-under-beijing-jurisdiction.pdf,.pdf,814294,2025-08-01 09:16:00,,795.208984375
TEMPLATES/Schengenské víza/Checklist-For-Business-Recent_Shanghai_Jurisdiction.pdf,.pdf,418608,2025-08-01 09:16:00,,408.796875
TEMPLATES/Vozidlo/Kontrola originality a technická a emisná kontrola.msg,.msg,131584,2025-08-01 09:16:00,,128.5
TEMPLATES/Vozidlo/Zmena adresy na Technickom preukaze.odt,.odt,7538,2025-08-01 09:16:00,,7.361328125
TEMPLATES/Vozidlo/Výmena vodičského preukazu za SVK.docx,.docx,24671,2025-08-01 09:16:00,,24.0927734375
TEMPLATES/Vozidlo/Power_of_Attorney_registration_car_20240628_sk_en.docx,.docx,29779,2025-08-01 09:16:00,,29.0810546875
TEMPLATES/Vozidlo/Časy - Skúška na vodičský preukaz_28.5.2024.png,.png,210090,2025-08-01 09:16:00,,205.166015625
TEMPLATES/Vozidlo/Check of originality and technical check.msg,.msg,185856,2025-08-01 09:16:00,,181.5
TEMPLATES/Vozidlo/Navrh_21-22_vyhl_131-2018.pdf,.pdf,407254,2025-08-01 09:16:00,,397.708984375
TEMPLATES/Vozidlo/Prepis - SK technický + SK značky.pdf,.pdf,539568,2025-08-01 09:16:00,,526.921875
TEMPLATES/Vozidlo/Registrácia auta zo zahraničia.odt,.odt,10071,2025-08-01 09:16:00,,9.8349609375
TEMPLATES/Kontakty/Evisa.sk_vizitka.pdf,.pdf,447839,2025-08-01 09:16:00,,437.3427734375
TEMPLATES/Kontakty/Sprostredkovanie adresy - Chocholáček.msg,.msg,182272,2025-08-01 09:16:00,,178
TEMPLATES/Kontakty/FW_ Pobyty pre cudzincov - adresy.msg,.msg,174080,2025-08-01 09:16:00,,170
TEMPLATES/Kontakty/moving company.msg,.msg,102400,2025-08-01 09:16:00,,100
TEMPLATES/Kontakty/Chocholáček - adresy pre cudzincov - nové ceny.msg,.msg,158720,2025-08-01 09:16:00,,155
TEMPLATES/Poistenie/Poistenie potvrdenie (ICT).docx,.docx,27817,2025-08-01 09:16:00,,27.1650390625
TEMPLATES/Poistenie/VŠZP -prevzatie potvrdenia.pdf,.pdf,1218174,2025-08-01 09:16:00,,1189.623046875
TEMPLATES/Poistenie/Dieťa VP - prihlásenie pod rodiča.msg,.msg,195072,2025-08-01 09:16:00,,190.5
TEMPLATES/Poistenie/Povinne verejne zdravotne poistená je aj fyzická osoba.docx,.docx,23640,2025-08-01 09:16:00,,23.0859375
TEMPLATES/Poistenie/VŠZP_prihláška poistenca 24102022.pdf,.pdf,823569,2025-08-01 09:16:00,,804.2666015625
TEMPLATES/Poistenie/Dieťa EÚ občana - manželka SR.msg,.msg,205312,2025-08-01 09:16:00,,200.5
TEMPLATES/Poistenie/Vznik poistenia_zamestnanie_od 15.7.2024.msg,.msg,145408,2025-08-01 09:16:00,,142
TEMPLATES/Poistenie/Verejné poistenie.msg,.msg,680960,2025-08-01 09:16:00,,665
TEMPLATES/Poistenie/PoA VŠZP.docx,.docx,22201,2025-08-01 09:16:00,,21.6806640625
TEMPLATES/Poistenie/PoA UNION - prevzatie preukazu.odt,.odt,5820,2025-08-01 09:16:00,,5.68359375
TEMPLATES/Narodne D viza Nariadenie 2021/Nariadenia  pracovné víza.png,.png,2553016,2025-08-01 09:16:00,,2493.1796875
TEMPLATES/Narodne D viza Nariadenie 2021/Na_WEB__-_Profesie_doklady_prehlad_-_preukazovanie_odbornosti_383_2023.xlsx,.xlsx,21935,2025-08-01 09:16:00,,21.4208984375
TEMPLATES/Narodne D viza Nariadenie 2021/ziadost_o_narodne_vizum_eng.pdf,.pdf,493048,2025-08-01 09:16:00,,481.4921875
TEMPLATES/Narodne D viza Nariadenie 2021/Zoznam univerzit_List Nr. 1.pdf,.pdf,1167359,2025-08-01 09:16:00,,1139.9990234375
TEMPLATES/Narodne D viza Nariadenie 2021/Žiadosť o D-visa SK.doc,.doc,165888,2025-08-01 09:16:00,,162
TEMPLATES/Narodne D viza Nariadenie 2021/Vysokokvalifikovane_pozicie_s_prinosom_pre_hospodarstvo_SR_High_qualified_positions_List_Nr.2.pdf,.pdf,539133,2025-08-01 09:16:00,,526.4970703125
TEMPLATES/Zamestnanie/Oznamenie_o_zmene_udajov_na_IK.docx,.docx,26246,2025-08-01 09:17:00,,25.630859375
TEMPLATES/Zamestnanie/Zmena zamestnavatela_ po 15.7.24.docx,.docx,20730,2025-08-01 09:17:00,,20.244140625
TEMPLATES/Zamestnanie/Priloha_c._13 - oznámenie zamestnávateľa.rtf,.rtf,55987,2025-08-01 09:17:00,,54.6748046875
TEMPLATES/Zamestnanie/Zamestnanie obcanov Peru.msg,.msg,617984,2025-08-01 09:17:00,,603.5
TEMPLATES/Zamestnanie/Zoznam SK ISCO pozícií.pdf,.pdf,2968122,2025-08-01 09:17:00,,2898.556640625
TEMPLATES/Zamestnanie/RE_ absolvent vysokej školy.msg,.msg,183296,2025-08-01 09:17:00,,179
TEMPLATES/Zamestnanie/Zoznam SK ISCO pozícií 2025.pdf,.pdf,2968122,2025-08-01 09:17:00,,2898.556640625
TEMPLATES/Zamestnanie/Prechod z docasnej ochrany na prechodny pobyt za ucelom zamestnania.msg,.msg,173056,2025-08-01 09:17:00,,169
TEMPLATES/Zamestnanie/Priloha 7.pdf,.pdf,125987,2025-08-01 09:17:00,,123.0341796875
TEMPLATES/Zamestnanie/Zoznam centier podnikových služieb pri Ministerstve hospodárstva SR.pdf,.pdf,448530,2025-08-01 09:17:00,,438.017578125
TEMPLATES/Zamestnanie/Dodatocne udaje o zamestnani_vzor.pdf,.pdf,442331,2025-08-01 09:16:00,,431.9638671875
TEMPLATES/Zamestnanie/RE_ Cudzinci - zmena.msg,.msg,258560,2025-08-01 09:17:00,,252.5
TEMPLATES/Zamestnanie/Priloha_9b.docx,.docx,25507,2025-08-01 09:17:00,,24.9091796875
TEMPLATES/Zamestnanie/RE_ Change of contracts for foreigners.msg,.msg,212992,2025-08-01 09:17:00,,208
TEMPLATES/Zamestnanie/Priloha_7_Prislub_zamestnanie_2023.docx,.docx,27139,2025-08-01 09:17:00,,26.5029296875
TEMPLATES/Zamestnanie/Zoznam osvedčení o významnej investícii vydaných Ministerstvom hospodárstva SR.xlsx,.xlsx,24409,2025-08-01 09:17:00,,23.8369140625
TEMPLATES/Zamestnanie/sk_isco-08_0.pdf,.pdf,1013319,2025-08-01 09:17:00,,989.5693359375
TEMPLATES/Zamestnanie/SK ISCO pozície.pdf,.pdf,2968122,2025-08-01 09:17:00,,2898.556640625
TEMPLATES/Zamestnanie/Podanie kompletnej ziadosti cez konzularny urad _ moznost zamestnania ihned.msg,.msg,369152,2025-08-01 09:17:00,,360.5
TEMPLATES/Zamestnanie/Priloha 7.docx,.docx,20611,2025-08-01 09:17:00,,20.1279296875
TEMPLATES/Zamestnanie/Vysokokvalifikovane_pozicie_s_prinosom_pre_hospodarstvo_SR_High_qualified_positions_List_Nr.2.pdf,.pdf,322036,2025-08-01 09:17:00,,314.48828125
TEMPLATES/Zamestnanie/Študent - ukončenie štúdia.msg,.msg,160768,2025-08-01 09:17:00,,157
TEMPLATES/Zamestnanie/RE_ ICT on A1 visa.msg,.msg,233984,2025-08-01 09:17:00,,228.5
TEMPLATES/Zamestnanie/Zoznam_VS a vyskumnych institucii_List of universities_List_Nr.1.pdf,.pdf,520362,2025-08-01 09:17:00,,508.166015625
TEMPLATES/Zamestnanie/Priloha_9a.docx,.docx,32241,2025-08-01 09:17:00,,31.4853515625
TEMPLATES/Medical check/Vyšetrenie na cudzokrajné choroby SK.msg,.msg,101888,2025-08-01 09:16:00,,99.5
TEMPLATES/Medical check/Medical check - Nastia .msg,.msg,182272,2025-08-01 09:16:00,,178
TEMPLATES/Medical check/Medical check.msg,.msg,164352,2025-08-01 09:16:00,,160.5
TEMPLATES/Objednávka + ponuka/Purchase_order_draft_ENG.docx,.docx,330532,2025-08-01 09:16:00,,322.78515625
TEMPLATES/Objednávka + ponuka/Service_offer_draft_ENG.docx,.docx,325982,2025-08-01 09:16:00,,318.341796875
TEMPLATES/Objednávka + ponuka/Ponuka_draft_SK.docx,.docx,329524,2025-08-01 09:16:00,,321.80078125
TEMPLATES/Objednávka + ponuka/Objednávka_draft_SK.docx,.docx,331076,2025-08-01 09:16:00,,323.31640625
TEMPLATES/DHL/zakaznické číslo DHL.msg,.msg,570880,2025-08-01 09:16:00,,557.5
TEMPLATES/DHL/RE_ kontakt DHL Express.msg,.msg,398848,2025-08-01 09:16:00,,389.5
TEMPLATES/Konzulat materialy/Questionnaire - family reunification.pdf,.pdf,280762,2025-08-01 09:16:00,,274.181640625
TEMPLATES/Konzulat materialy/Otázky osobného pohovoru - AJ (work).doc,.doc,78336,2025-08-01 09:16:00,,76.5
TEMPLATES/Konzulat materialy/Cover letter embassy - Superlegalizacia.docx,.docx,24422,2025-08-01 09:16:00,,23.849609375
TEMPLATES/Flowii/Flowii - jedna PFA z viacerých zákazok.docx,.docx,330049,2025-08-01 09:16:00,,322.3134765625
TEMPLATES/Sprievodné listy/NEW ProfiDeCon_Slovakia_HlavičkovýPapier.docx,.docx,286787,2025-08-01 09:16:00,,280.0654296875
TEMPLATES/Sprievodné listy/Žiadosť o nahliadnutie do spisu CP.docx,.docx,27599,2025-08-01 09:16:00,,26.9521484375
TEMPLATES/Sprievodné listy/Sprievodný list CP (oznámenie o skončení pobytu).docx,.docx,322045,2025-08-01 09:16:00,,314.4970703125
TEMPLATES/Sprievodné listy/ProfiDeCon_Slovakia_HlavičkovýPapier.docx,.docx,320848,2025-08-01 09:16:00,,313.328125
TEMPLATES/Sprievodné listy/Žiadosť o urgenciu - vydanie dodatočných údajov.docx,.docx,323886,2025-08-01 09:16:00,,316.294921875
TEMPLATES/Sprievodné listy/Žiadosť o späťvzatie ziadosti.docx,.docx,321644,2025-08-01 09:16:00,,314.10546875
TEMPLATES/Sprievodné listy/Sprievodný list CP (vrátenie preukazu).docx,.docx,324868,2025-08-01 09:16:00,,317.25390625
TEMPLATES/Sprievodné listy/Sprievodný list CP (vrátenie preukazu)_v mene Klienta.docx,.docx,26352,2025-08-01 09:16:00,,25.734375
TEMPLATES/Sprievodné listy/Sprievodný list CP (oznámenie o novom doklade).docx,.docx,321413,2025-08-01 09:16:00,,313.8798828125
TEMPLATES/Sprievodné listy/Sprievodný list (doloženie do spisu).docx,.docx,321281,2025-08-01 09:16:00,,313.7509765625
TEMPLATES/Sprievodné listy/ProfiDeCon_Slovakia_Vypoved plnej moci.docx,.docx,326751,2025-08-01 09:16:00,,319.0927734375
TEMPLATES/ICT/Poistenie potvrdenie (ICT).docx,.docx,27824,2025-08-01 09:16:00,,27.171875
TEMPLATES/ICT/RE_ Začiatok vnútropodnikového presunu zamestnanca z 3_ krajiny .msg,.msg,188928,2025-08-01 09:16:00,,184.5
TEMPLATES/ICT/Zamestnanie_statneho_prislusnika_tretej_krajiny_v_ramci_vnutropodnikoveho_presunu_v_obdobi_nad_90_dni.docx,.docx,28395,2025-08-01 09:16:00,,27.7294921875
TEMPLATES/ICT/FW_ Stanovisko - poistenie.msg,.msg,171520,2025-08-01 09:16:00,,167.5
TEMPLATES/ICT/Oznámenie hostiteľského subjektu (ICT).docx,.docx,31465,2025-08-01 09:16:00,,30.7275390625
TEMPLATES/OCP PZ/CP - na lístok.jpeg,.jpeg,243682,2025-08-01 09:16:00,,237.970703125
TEMPLATES/OCP PZ/Správne poplatky - najpoužívanejšie.docx,.docx,22044,2025-08-01 09:16:00,,21.52734375
TEMPLATES/OCP PZ/Kontakty OCP PZ.docx,.docx,26881,2025-08-01 09:16:00,,26.2509765625
TEMPLATES/OCP PZ/Príslušnosť CP PZ.docx,.docx,24021,2025-08-01 09:16:00,,23.4580078125
TEMPLATES/Zmeny/zmeny v zakone.docx,.docx,24356,2025-08-01 09:17:00,,23.78515625
TEMPLATES/Zmeny/Zákon 404-2011 od 15.7.2024 (004).pdf,.pdf,1586759,2025-08-01 09:17:00,,1549.5693359375
TEMPLATES/Zmeny/Zmeny - ÚP.docx,.docx,23797,2025-08-01 09:17:00,,23.2392578125
TEMPLATES/HomeFinding/International schools and kindergartens Bratislava.docx,.docx,38795,2025-08-01 09:16:00,,37.8857421875
TEMPLATES/HomeFinding/Real_Estate_English_-_SZ.pdf,.pdf,695740,2025-08-01 09:16:00,,679.43359375
TEMPLATES/HomeFinding/List of Apartments -.xls,.xls,53760,2025-08-01 09:16:00,,52.5
TEMPLATES/HomeFinding/Homefinding questionnaire 2025.docx,.docx,339452,2025-08-01 09:16:00,,331.49609375
TEMPLATES/_Dotazniky/Registration of marriage.xlsx,.xlsx,21719,2025-08-01 09:16:00,,21.2099609375
TEMPLATES/_Dotazniky/EU questionnaire.xls,.xls,60928,2025-08-01 09:16:00,,59.5
TEMPLATES/_Dotazniky/Employer information.xlsx,.xlsx,25743,2025-08-01 09:16:00,,25.1396484375
TEMPLATES/_Dotazniky/NON EU imigračný dotazník.xls,.xls,80384,2025-08-01 09:16:00,,78.5
TEMPLATES/_Dotazniky/Citizenship of the Slovak Republic.xls,.xls,68096,2025-08-01 09:16:00,,66.5
TEMPLATES/_Dotazniky/Slovakia work visa Infomation_CHINA.xlsx,.xlsx,20471,2025-08-01 09:16:00,,19.9912109375
TEMPLATES/_Dotazniky/NON EU Immigration questionnaire.xls,.xls,65024,2025-08-01 09:16:00,,63.5
TEMPLATES/_Dotazniky/Verified invitation.xls,.xls,52736,2025-08-01 09:16:00,,51.5
TEMPLATES/Templates - general/Žiadosť - ministerstvo kultúry.doc,.doc,44032,2025-08-01 09:16:00,,43
TEMPLATES/Templates - general/Arrival form SK.pdf,.pdf,510718,2025-08-01 09:16:00,,498.748046875
TEMPLATES/Templates - general/ziadost_o_udelenie_pobytu_SVK_ENG.pdf,.pdf,220974,2025-08-01 09:16:00,,215.794921875
TEMPLATES/Templates - general/ziadost_o_obnovenie_prechodneho_pobytu_SVK_ENG.pdf,.pdf,205560,2025-08-01 09:16:00,,200.7421875
TEMPLATES/Templates - general/Potvrdenie o podaní žiadosti (číslo).pdf,.pdf,335412,2025-08-01 09:16:00,,327.55078125
TEMPLATES/Templates - general/čestné vyhlásenie_trvalý pobyt.pdf,.pdf,366989,2025-08-01 09:16:00,,358.3876953125
TEMPLATES/Templates - general/Poučenie BA.pdf,.pdf,2387579,2025-08-01 09:16:00,,2331.6201171875
TEMPLATES/Templates - general/Arrival form.pdf,.pdf,515695,2025-08-01 09:16:00,,503.6083984375
TEMPLATES/Templates - general/Čestné vyhlásenie - finančné zabezpečenie.pdf,.pdf,379014,2025-08-01 09:16:00,,370.130859375
TEMPLATES/Templates - general/Application-for-the-temporary-residence.pdf,.pdf,220974,2025-08-01 09:16:00,,215.794921875
TEMPLATES/Deregistrácia/Priloha_c._13 - oznámenie zamestnávateľa.rtf,.rtf,58514,2025-08-01 09:16:00,,57.142578125
TEMPLATES/Deregistrácia/Sprievodný list CP (vrátenie preukazu + deregistrácia pobytu).docx,.docx,327654,2025-08-01 09:16:00,,319.974609375
TEMPLATES/Deregistrácia/Oznámenie hostiteľského subjektu (ICT).docx,.docx,31871,2025-08-01 09:16:00,,31.1240234375
TEMPLATES/D-víza/visaApplication TEMPLATE.pdf,.pdf,66887,2025-08-01 09:16:00,,65.3193359375
TEMPLATES/D-víza/Nizkokvalifikovane pozicie _ nariadenie.pdf,.pdf,212261,2025-08-01 09:16:00,,207.2861328125
"TEMPLATES/D-víza/Substitučná plná moc (D víza, zastupovanie pri RP) - priezvisko, meno.docx",.docx,27219,2025-08-01 09:16:00,,26.5810546875
TEMPLATES/D-víza/Ziadost o narodne visa 2025.pdf,.pdf,177947,2025-08-01 09:16:00,,173.7763671875
TEMPLATES/D-víza/Ziadost o narodne visa 2025.docx,.docx,50555,2025-08-01 09:16:00,,49.3701171875
TEMPLATES/D-víza/VisaApplication (D).pdf,.pdf,1321383,2025-08-01 09:16:00,,1290.4130859375
TEMPLATES/D-víza/Žiadosť o D-vízum ENG.docx,.docx,49306,2025-08-01 09:16:00,,48.150390625
TEMPLATES/D-víza/Žiadosť o D-visa SK.doc,.doc,166400,2025-08-01 09:16:00,,162.5
TEMPLATES/D-víza/RE D-vízum na účel podania žiadosti o prechodný pobyt v SR (India).msg,.msg,227328,2025-08-01 09:16:00,,222
TEMPLATES/D-víza/Vysokokvalifikovane_pozicie_s_prinosom_pre_hospodarstvo_SR_High_qualified_positions_List_Nr.2.pdf,.pdf,539133,2025-08-01 09:16:00,,526.4970703125
TEMPLATES/D-víza/Zoznam_VS a vyskumnych institucii_List of universities_List_Nr.1.pdf,.pdf,520362,2025-08-01 09:16:00,,508.166015625
TEMPLATES/D-víza/FW_ Požadované dokumenty pri podaní žiadosti o D-vízum na ZÚ SR.msg,.msg,225280,2025-08-01 09:16:00,,220
TEMPLATES/D-víza/Embassy e-mail - D-VISA.msg,.msg,227840,2025-08-01 09:16:00,,222.5
TEMPLATES/Social allowances/social allowances.msg,.msg,188416,2025-08-01 09:16:00,,184
"TEMPLATES/_Vzory dokumentov pre CP/PoA Ministry exemption + D-VISA - priezvisko, meno.docx",.docx,38019,2025-08-01 09:16:00,,37.1279296875
"TEMPLATES/_Vzory dokumentov pre CP/Contract on assignment  (ICT) - priezvisko, meno.docx",.docx,34375,2025-08-01 09:16:00,,33.5693359375
TEMPLATES/_Vzory dokumentov pre CP/Vzor - PoA - 221114.rtf,.rtf,110161,2025-08-01 09:16:00,,107.5791015625
"TEMPLATES/_Vzory dokumentov pre CP/Čestné vyhlásenie_spoločnosť bez pečiatky - priezvisko, meno.docx",.docx,26819,2025-08-01 09:16:00,,26.1904296875
TEMPLATES/_Vzory dokumentov pre CP/Application for the issuance of RP.pdf,.pdf,215783,2025-08-01 09:16:00,,210.7255859375
"TEMPLATES/_Vzory dokumentov pre CP/Financial coverage - priezvisko, meno.docx",.docx,32064,2025-08-01 09:16:00,,31.3125
TEMPLATES/_Vzory dokumentov pre CP/Application-for-the-temporary-residence_dlhá.pdf,.pdf,220974,2025-08-01 09:16:00,,215.794921875
"TEMPLATES/_Vzory dokumentov pre CP/PoA Foreign police (child) - priezvisko, meno.docx",.docx,39841,2025-08-01 09:16:00,,38.9072265625
TEMPLATES/_Vzory dokumentov pre CP/PoA - EMPLOYER.docx,.docx,39715,2025-08-01 09:16:00,,38.7841796875
TEMPLATES/_Vzory dokumentov pre CP/PoA Foreign police -priezvisko + meno.docx,.docx,38447,2025-08-01 09:16:00,,37.5458984375
"TEMPLATES/_Vzory dokumentov pre CP/Declaration of honour 1st RP (family) - priezvisko, meno.docx",.docx,28768,2025-08-01 09:16:00,,28.09375
"TEMPLATES/_Vzory dokumentov pre CP/Declaration of honour prolongation (spouse) - priezvisko, meno.docx",.docx,27472,2025-08-01 09:16:00,,26.828125
"TEMPLATES/_Vzory dokumentov pre CP/PoA citizenship  - priezvisko, meno.docx",.docx,40059,2025-08-01 09:16:00,,39.1201171875
TEMPLATES/_Vzory dokumentov pre CP/PoA Trade register NEW- priezvisko meno.docx,.docx,41402,2025-08-01 09:16:00,,40.431640625
"TEMPLATES/_Vzory dokumentov pre CP/Declaration of the property ownership - priezvisko, meno.docx",.docx,27052,2025-08-01 09:16:00,,26.41796875
"TEMPLATES/_Vzory dokumentov pre CP/Employer confirmation_home country (ICT) - priezvisko, meno.docx",.docx,32646,2025-08-01 09:16:00,,31.880859375
"TEMPLATES/_Vzory dokumentov pre CP/Promise of employer - priezvisko, meno.docx",.docx,22738,2025-08-01 09:16:00,,22.205078125
"TEMPLATES/_Vzory dokumentov pre CP/Declaration of honour prolongation (family) - priezvisko, meno.docx",.docx,29223,2025-08-01 09:16:00,,28.5380859375
TEMPLATES/_Vzory dokumentov pre CP/Declaration employer Slovakia_no consent of labor office.docx,.docx,28037,2025-08-01 09:16:00,,27.3798828125
"TEMPLATES/_Vzory dokumentov pre CP/Declaration companies in group (ICT) - priezvisko, meno.docx",.docx,28133,2025-08-01 09:16:00,,27.4736328125
"TEMPLATES/_Vzory dokumentov pre CP/Employer confirmation SK University - priezvisko, meno.docx",.docx,31772,2025-08-01 09:16:00,,31.02734375
"TEMPLATES/_Vzory dokumentov pre CP/Landlord confirmation_UP  - priezvisko, meno.docx",.docx,24752,2025-08-01 09:16:00,,24.171875
"TEMPLATES/_Vzory dokumentov pre CP/Declaration of honour (spouse) - priezvisko, meno.docx",.docx,30747,2025-08-01 09:16:00,,30.0263671875
"TEMPLATES/_Vzory dokumentov pre CP/Employement confirmation - priezvisko, meno.docx",.docx,29151,2025-08-01 09:16:00,,28.4677734375
"TEMPLATES/_Vzory dokumentov pre CP/Declaration employer (ICT) - priezvisko, meno.docx",.docx,31396,2025-08-01 09:16:00,,30.66015625
"TEMPLATES/_Vzory dokumentov pre CP/Declaration of honour (India - name) - priezvisko, meno.docx",.docx,34458,2025-08-01 09:16:00,,33.650390625
"TEMPLATES/_Vzory dokumentov pre CP/Employer confirmation_ Slovakia (ICT) - priezvisko, meno.docx",.docx,29385,2025-08-01 09:16:00,,28.6962890625
"TEMPLATES/_Vzory dokumentov pre CP/PoA Ministry exemption - priezvisko, meno.docx",.docx,38177,2025-08-01 09:16:00,,37.2822265625
"TEMPLATES/_Vzory dokumentov pre CP/Žiadosť o doručenie RP na adresu - priezvisko,meno.docx",.docx,26401,2025-08-01 09:16:00,,25.7822265625
TEMPLATES/GO4/Prihlasovacie heslá.docx,.docx,24306,2025-08-01 09:16:00,,23.736328125
TEMPLATES/Checklisty/Checklist - Deregistrácia - PP Zamestnanie.docx,.docx,26199,2025-08-01 09:16:00,,25.5849609375
TEMPLATES/Checklisty/Checklist - Change of employer.docx,.docx,23487,2025-08-01 09:16:00,,22.9365234375
TEMPLATES/Checklisty/Checklist - Renewal (long-term residence).docx,.docx,24643,2025-08-01 09:16:00,,24.0654296875
TEMPLATES/Checklisty/Checklist - Deregistrácia -PP Zlúčenie rodiny.docx,.docx,23176,2025-08-01 09:16:00,,22.6328125
TEMPLATES/Checklisty/Checklist - 1st RP EÚ (family reunification - spouse).docx,.docx,24188,2025-08-01 09:16:00,,23.62109375
TEMPLATES/Checklisty/Checklist - Change of purpose (studium to employment).docx,.docx,24519,2025-08-01 09:16:00,,23.9443359375
TEMPLATES/Checklisty/Checklist - Dočasné útočisko.docx,.docx,24034,2025-08-01 09:16:00,,23.470703125
TEMPLATES/Checklisty/Checklist - Renewal (family reunification -child).docx,.docx,27579,2025-08-01 09:16:00,,26.9326171875
TEMPLATES/Checklisty/Checklist - štátne občianstvo (narodenie v SR).doc,.doc,47104,2025-08-01 09:16:00,,46
TEMPLATES/Checklisty/Checklist - Renewal (special activity).docx,.docx,24490,2025-08-01 09:16:00,,23.916015625
TEMPLATES/Checklisty/Checklist - D-národné víza pre relokovaných.docx,.docx,22773,2025-08-01 09:16:00,,22.2392578125
TEMPLATES/Checklisty/Checklist - Change of purpose (special actvity).docx,.docx,24756,2025-08-01 09:16:00,,24.17578125
"TEMPLATES/Checklisty/Checklist - štátne občianstvo (predkovia) USA, Canada.doc",.doc,50688,2025-08-01 09:16:00,,49.5
TEMPLATES/Checklisty/Checklist - žiadosť o vydanie novej karty BOK.docx,.docx,23580,2025-08-01 09:16:00,,23.02734375
TEMPLATES/Checklisty/Checklist - Renewal (studium).docx,.docx,24465,2025-08-01 09:16:00,,23.8916015625
TEMPLATES/Checklisty/Checklist -D-pracovné vízum.docx,.docx,26798,2025-08-01 09:16:00,,26.169921875
TEMPLATES/Checklisty/Checklist - Schengen visa (služobná a obchodná cesta).docx,.docx,34735,2025-08-01 09:16:00,,33.9208984375
TEMPLATES/Checklisty/Checklist - Renewal (business).docx,.docx,25140,2025-08-01 09:16:00,,24.55078125
TEMPLATES/Checklisty/Checklist - Schengen Visa.docx,.docx,26837,2025-08-01 09:16:00,,26.2080078125
TEMPLATES/Checklisty/Checklist - 1st RP EÚ (family reunification - child).docx,.docx,24255,2025-08-01 09:16:00,,23.6865234375
TEMPLATES/Checklisty/checklist-for-business-visa-under-beijing-jurisdiction.pdf,.pdf,814294,2025-08-01 09:16:00,,795.208984375
TEMPLATES/Checklisty/Checklist - 1st RP (family reunification - child).docx,.docx,25195,2025-08-01 09:16:00,,24.6044921875
TEMPLATES/Checklisty/Checklist -Rod. príslušník - D-národné víza pre relokovaných.docx,.docx,23049,2025-08-01 09:16:00,,22.5087890625
TEMPLATES/Checklisty/Checklist - Private verified invitation.docx,.docx,26583,2025-08-01 09:16:00,,25.9599609375
TEMPLATES/Checklisty/Checklist - Renewal (employement).docx,.docx,25421,2025-08-01 09:16:00,,24.8251953125
TEMPLATES/Checklisty/Checklist - 1st RP (family reunification - spouse).docx,.docx,25499,2025-08-01 09:16:00,,24.9013671875
TEMPLATES/Checklisty/Checklist - Renewal (Permanent residence).docx,.docx,24583,2025-08-01 09:16:00,,24.0068359375
TEMPLATES/Checklisty/Checklist - Business verified invitation.docx,.docx,26396,2025-08-01 09:16:00,,25.77734375
TEMPLATES/Checklisty/Checklist - Permanent residence.docx,.docx,24806,2025-08-01 09:16:00,,24.224609375
TEMPLATES/Checklisty/Checklist - Blue card EÚ.docx,.docx,25897,2025-08-01 09:16:00,,25.2900390625
TEMPLATES/Checklisty/Checklist - 1st RP (employment- ICT).docx,.docx,27496,2025-08-01 09:16:00,,26.8515625
TEMPLATES/Checklisty/Checklist - 1st RP (studium).docx,.docx,25251,2025-08-01 09:16:00,,24.6591796875
TEMPLATES/Checklisty/Checklist - štátne občianstvo (10 rokov na SK).doc,.doc,56320,2025-08-01 09:16:00,,55
TEMPLATES/Checklisty/Checklist - 1st RP EÚ (without purpose).docx,.docx,24254,2025-08-01 09:16:00,,23.685546875
TEMPLATES/Checklisty/Checklist - štátne občianstvo (predkovia).doc,.doc,48128,2025-08-01 09:16:00,,47
TEMPLATES/Checklisty/Checklist - Renewal (family reunification - spouse).docx,.docx,27646,2025-08-01 09:16:00,,26.998046875
TEMPLATES/Checklisty/Checklist - 1st RP (employment).docx,.docx,29425,2025-08-01 09:16:00,,28.7353515625
TEMPLATES/Checklisty/Checklist - žiadosť o vydanie alternatívneho autentifikátora.docx,.docx,22932,2025-08-01 09:16:00,,22.39453125
TEMPLATES/Checklisty/Checklist-For-Business-Recent_Shanghai_Jurisdiction.pdf,.pdf,418608,2025-08-01 09:16:00,,408.796875
TEMPLATES/Checklisty/Checklist - Prolongation of RP card.docx,.docx,24095,2025-08-01 09:16:00,,23.5302734375
TEMPLATES/Checklisty/Checklist - Change of address.docx,.docx,23920,2025-08-01 09:16:00,,23.359375
TEMPLATES/Checklisty/Checklist - 1st RP EÚ (employment).docx,.docx,24699,2025-08-01 09:16:00,,24.1201171875
TEMPLATES/Checklisty/Checklist - Long-term residence.docx,.docx,24655,2025-08-01 09:16:00,,24.0771484375
TEMPLATES/Checklisty/Checklist - Renewal (employment) - absolvent SK.docx,.docx,24097,2025-08-01 09:16:00,,23.5322265625
TEMPLATES/Checklisty/Checklist - Deregistrácia - Vyslanie.docx,.docx,23502,2025-08-01 09:16:00,,22.951171875
TEMPLATES/Checklisty/Checklist - 1st RP (business).docx,.docx,24974,2025-08-01 09:16:00,,24.388671875
TEMPLATES/Checklisty/Checklist - 1st RP (special activity).docx,.docx,25485,2025-08-01 09:16:00,,24.8876953125
TEMPLATES/Checklisty/Checklist - 1st RP EÚ - Business.docx,.docx,24218,2025-08-01 09:16:00,,23.650390625
TEMPLATES/Soc. Poisťovňa/Template.pdf,.pdf,505549,2025-08-01 09:16:00,,493.7001953125
TEMPLATES/Soc. Poisťovňa/Soc. poisťovňa - žiadosť ku nedoplatkom a potvrdení o poistení.jpg,.jpg,230680,2025-08-01 09:16:00,,225.2734375
TEMPLATES/Soc. Poisťovňa/Sprievodný list SP_nedoplatky.docx,.docx,288579,2025-08-01 09:16:00,,281.8154296875
TEMPLATES/Soc. Poisťovňa/22022018-Žiadosť+o+vydanie+potvrdenia.doc,.doc,57344,2025-08-01 09:16:00,,56
"TEMPLATES/SPoA/Substitučná plná moc (D víza, zastupovanie pri RP) - priezvisko, meno.docx",.docx,27220,2025-08-01 09:16:00,,26.58203125
TEMPLATES/SPoA/SpoA Katka UP_podania cez portal.docx,.docx,288559,2025-08-01 09:16:00,,281.7958984375
TEMPLATES/SPoA/PoA UNION.odt,.odt,6045,2025-08-01 09:16:00,,5.9033203125
TEMPLATES/SPoA/Substitučná plná moc_ZU_NOVE.docx,.docx,24792,2025-08-01 09:16:00,,24.2109375
TEMPLATES/Štátne občianstvo/OSO - DE.doc,.doc,67584,2025-08-01 09:16:00,,66
TEMPLATES/Štátne občianstvo/RE_ Osvedčené kópie sčítacích hárkov z roku 1950 a 1961 na meno Peter Mezei_ obec Liptovský Mikuláš a   Palúdzka - odpoveď.msg,.msg,227840,2025-08-01 09:16:00,,222.5
TEMPLATES/Štátne občianstvo/Cestne vyhlasenie.pdf,.pdf,45795,2025-08-01 09:16:00,,44.7216796875
TEMPLATES/Štátne občianstvo/FW_ .msg,.msg,115712,2025-08-01 09:16:00,,113
TEMPLATES/Štátne občianstvo/OVVS_Osvedcenie_Potvrdenie_O_SO_SR_Ziadost_(13.04.2022).pdf,.pdf,193604,2025-08-01 09:16:00,,189.06640625
TEMPLATES/Štátne občianstvo/Dotaznik ziadatela.pdf,.pdf,132876,2025-08-01 09:16:00,,129.76171875
TEMPLATES/Štátne občianstvo/4a.Ziadost-Kopia_scitacieho_harku-SVK-vyplnatelna.docx,.docx,39043,2025-08-01 09:16:00,,38.1279296875
TEMPLATES/Štátne občianstvo/Ziadost_o_vyhotovenie_vypisu_z_matriky (1).docx,.docx,33445,2025-08-01 09:16:00,,32.6611328125
TEMPLATES/Štátne občianstvo/1a.Ziadost-Potvrdenie_o_narodnosti-SVK-vyplnatelna.docx,.docx,39145,2025-08-01 09:16:00,,38.2275390625
TEMPLATES/Štátne občianstvo/Ziadost o obcianstvo.pdf,.pdf,54764,2025-08-01 09:16:00,,53.48046875
TEMPLATES/UP dokumentacia/Oznamenie_o_zmene_udajov_na_IK.docx,.docx,26245,2025-08-01 09:16:00,,25.6298828125
TEMPLATES/UP dokumentacia/Priloha_11.docx,.docx,22110,2025-08-01 09:16:00,,21.591796875
TEMPLATES/UP dokumentacia/Prilohy k ziadosti zamestnavatela o vydanie potvrdenia z UP.docx,.docx,23704,2025-08-01 09:16:00,,23.1484375
TEMPLATES/UP dokumentacia/Priloha_3.rtf,.rtf,88874,2025-08-01 09:16:00,,86.791015625
TEMPLATES/UP dokumentacia/Priloha_4.rtf,.rtf,91221,2025-08-01 09:16:00,,89.0830078125
TEMPLATES/UP dokumentacia/Priloha_7.docx,.docx,22902,2025-08-01 09:16:00,,22.365234375
TEMPLATES/UP dokumentacia/Priloha_10.doc,.doc,55296,2025-08-01 09:16:00,,54
TEMPLATES/UP dokumentacia/Priloha_9b.docx,.docx,28610,2025-08-01 09:16:00,,27.939453125
TEMPLATES/UP dokumentacia/Priloha_13.docx,.docx,24245,2025-08-01 09:16:00,,23.6767578125
TEMPLATES/UP dokumentacia/Priloha_1.rtf,.rtf,112167,2025-08-01 09:16:00,,109.5380859375
TEMPLATES/UP dokumentacia/Priloha 6 Oznamenie_o_zmene_udajov_na_IK.docx,.docx,28576,2025-08-01 09:16:00,,27.90625
TEMPLATES/UP dokumentacia/Priloha_5.docx,.docx,23833,2025-08-01 09:16:00,,23.2744140625
TEMPLATES/UP dokumentacia/Priloha_9a.docx,.docx,38586,2025-08-01 09:16:00,,37.681640625
TEMPLATES/MANUÁLY/Manuál - zložky - ProfiDeCon Slovakia.docx,.docx,48840,2025-08-01 09:16:00,,47.6953125
TEMPLATES/MANUÁLY/Elektronicka ziadost o vydanie dokladu manual.docx,.docx,1490528,2025-08-01 09:16:00,,1455.59375
TEMPLATES/MANUÁLY/Krajiny_Haagskeho_dohovoru_o_Apostille.pdf,.pdf,65950,2025-08-01 09:16:00,,64.404296875
TEMPLATES/MANUÁLY/LEXMAN PREKLADY.doc,.doc,50176,2025-08-01 09:16:00,,49
TEMPLATES/MANUÁLY/Manuál pre prípravu dokumentov.doc,.doc,45568,2025-08-01 09:16:00,,44.5
TEMPLATES/MANUÁLY/Apostila.doc,.doc,42496,2025-08-01 09:16:00,,41.5
TEMPLATES/MANUÁLY/Česté vyhlásenie o ubytovaní.doc,.doc,50688,2025-08-01 09:16:00,,49.5
TEMPLATES/MANUÁLY/KARTIČKA POVOLENIA NA POBYT.doc,.doc,45056,2025-08-01 09:16:00,,44
TEMPLATES/Podnikanie/Agreement_relocation_services_clean_template_en.docx,.docx,48794,2025-08-01 09:16:00,,47.650390625
TEMPLATES/Podnikanie/Žiadosť o zaručenú konverziu.pdf,.pdf,300823,2025-08-01 09:16:00,,293.7724609375
TEMPLATES/Podnikanie/Mojesídlo - Oprávnená osoba.msg,.msg,103936,2025-08-01 09:16:00,,101.5
TEMPLATES/Podnikanie/Prihlasovacie údaje.msg,.msg,209920,2025-08-01 09:16:00,,205
TEMPLATES/Podnikanie/Zoznam odporucanych oznaceni volnych zivnosti.pdf,.pdf,538461,2025-08-01 09:16:00,,525.8408203125
TEMPLATES/Podnikanie/Poučenie_predĺženie_2024_podnikanie.pdf,.pdf,770367,2025-08-01 09:16:00,,752.3115234375
TEMPLATES/Podnikanie/MojeSidlo - plnomocenstvo.pdf,.pdf,125679,2025-08-01 09:16:00,,122.7333984375
TEMPLATES/Podnikanie/Zaručená konverzia ŽL.msg,.msg,892928,2025-08-01 09:16:00,,872
TEMPLATES/Podnikanie/Podnikanie_klienti.xlsx,.xlsx,21439,2025-08-01 09:16:00,,20.9365234375
TEMPLATES/Podnikanie/Inštrukcie.docx,.docx,22521,2025-08-01 09:16:00,,21.9931640625
TEMPLATES/Poistenie/examples of confirmation of insurance/UNION confirmation of the insurace - EXAMPLE..pdf,.pdf,388556,2025-08-01 09:16:00,,379.44921875
TEMPLATES/Poistenie/examples of confirmation of insurance/VšZP confirmation of the insurance - EXAMPLE..pdf,.pdf,348681,2025-08-01 09:16:00,,340.5087890625
TEMPLATES/Poistenie/examples of confirmation of insurance/Dôvera confirmation of the insurance - EXAMPLE.pdf,.pdf,495947,2025-08-01 09:16:00,,484.3232421875
TEMPLATES/Poistenie/examples of confirmation of insurance/UNION confirmation of the insurace (directly) - EXAMPLE..pdf,.pdf,476889,2025-08-01 09:16:00,,465.7119140625
TEMPLATES/Poistenie/UNION poistenie/UNION - SIMPLE health insurance for foreigners.pdf,.pdf,228684,2025-08-01 09:16:00,,223.32421875
TEMPLATES/Poistenie/UNION poistenie/UNION - Safety 2022 - information.pdf,.pdf,219926,2025-08-01 09:16:00,,214.771484375
TEMPLATES/Poistenie/UNION poistenie/UNION - Safety 2022.msg,.msg,3643392,2025-08-01 09:16:00,,3558
TEMPLATES/Poistenie/UNION poistenie/UZP_Zdravotný_dotazník_0122_EN_editovatelny_formular.pdf,.pdf,112421,2025-08-01 09:16:00,,109.7861328125
TEMPLATES/Poistenie/UNION poistenie/UNION - Simple 2022.msg,.msg,2145792,2025-08-01 09:16:00,,2095.5
TEMPLATES/Poistenie/UNION poistenie/UNION - Simple 2022 - information.pdf,.pdf,231290,2025-08-01 09:16:00,,225.869140625
TEMPLATES/Poistenie/UNION poistenie/UNION - Safety health insurance for foreigners.pdf,.pdf,262504,2025-08-01 09:16:00,,256.3515625
TEMPLATES/Poistenie/UNION poistenie/Private health insurance UNION - types.docx,.docx,25947,2025-08-01 09:16:00,,25.3388671875
TEMPLATES/Zamestnanie/Informačné karty/Informačná karta NON-EÚ_skončenie PP.docx,.docx,31266,2025-08-01 09:17:00,,30.533203125
TEMPLATES/Zamestnanie/Informačné karty/Informačná karta NON-EÚ_vznik PP.docx,.docx,37792,2025-08-01 09:17:00,,36.90625
TEMPLATES/Zamestnanie/Informačné karty/Informačná karta EÚ_vznik PP.docx,.docx,37196,2025-08-01 09:17:00,,36.32421875
TEMPLATES/Zamestnanie/Informačné karty/Informačná karta EÚ_skončenie PP.docx,.docx,31394,2025-08-01 09:17:00,,30.658203125
TEMPLATES/Zamestnanie/Informačné karty/Elektronicka ziadost - co zadat do slovensko.sk.docx,.docx,242087,2025-08-01 09:17:00,,236.4130859375
TEMPLATES/Zamestnanie/NEDOSTATKOVÉ POZÍCIE/4Q-2024_do 31.01.2025,0.2025,4096,2025-08-01 11:17:22,,4
TEMPLATES/Zamestnanie/Zmena zamestnavatela/Navod na elektronické podanie zmeny zamestnavatela UP.pdf,.pdf,665859,2025-08-01 09:17:00,,650.2529296875
TEMPLATES/Zamestnanie/Zmena zamestnavatela/Zoznam zamestnaní s vysokou pridanou hodnotou pre hospodrástvo Slovenskej republiky.pdf,.pdf,470925,2025-08-01 09:17:00,,459.8876953125
TEMPLATES/Zamestnanie/Zmena zamestnavatela/Čestné vyhlásenie.odt,.odt,5574,2025-08-01 09:17:00,,5.443359375
TEMPLATES/Zamestnanie/Zmena zamestnavatela/Navod na elektronické podanie zmeny zamestnavatela UP.docx,.docx,817626,2025-08-01 09:17:00,,798.462890625
TEMPLATES/Zamestnanie/EXAMPLE/Dodatocne udaje o zamestnani- EXAMPLE.pdf,.pdf,437481,2025-08-01 09:16:00,,427.2275390625
TEMPLATES/Zamestnanie/EXAMPLE/Dodatocne udaje o zamestnani_vzor.pdf,.pdf,442331,2025-08-01 09:16:00,,431.9638671875
TEMPLATES/Zamestnanie/Nahláška/Oprávnenie osôb.msg,.msg,194560,2025-08-01 09:17:00,,190
TEMPLATES/Zamestnanie/Nahláška/Nahláška voľných pracovných miest.xlsx,.xlsx,30830,2025-08-01 09:17:00,,30.107421875
TEMPLATES/Zamestnanie/Nahláška/Vytvorenie konta s OP.msg,.msg,170496,2025-08-01 09:17:00,,166.5
TEMPLATES/Zamestnanie/NEDOSTATKOVÉ POZÍCIE/4Q-2024_do 31.01.2025/Trnavsky_samospravny_kraj_1.pdf,.pdf,448207,2025-08-01 09:17:00,,437.7021484375
TEMPLATES/Zamestnanie/NEDOSTATKOVÉ POZÍCIE/4Q-2024_do 31.01.2025/Nitriansky_samospravny_kraj.pdf,.pdf,442937,2025-08-01 09:17:00,,432.5556640625
TEMPLATES/Zamestnanie/NEDOSTATKOVÉ POZÍCIE/4Q-2024_do 31.01.2025/Zilinsky_samospravny_kraj.pdf,.pdf,444635,2025-08-01 09:17:00,,434.2138671875
"TEMPLATES/Zamestnanie/NEDOSTATKOVÉ POZÍCIE/4Q-2024_do 31.01.2025/Banskobystricky_samospravny_kraj_do 31.01.2025,.pdf",.pdf,437508,2025-08-01 09:17:00,,427.25390625
TEMPLATES/Zamestnanie/NEDOSTATKOVÉ POZÍCIE/4Q-2024_do 31.01.2025/Bratislavsky_samospravny_kraj.pdf,.pdf,460950,2025-08-01 09:17:00,,450.146484375
TEMPLATES/Zamestnanie/NEDOSTATKOVÉ POZÍCIE/4Q-2024_do 31.01.2025/Kosicky_samospravny_kraj.pdf,.pdf,437346,2025-08-01 09:17:00,,427.095703125
TEMPLATES/Zamestnanie/NEDOSTATKOVÉ POZÍCIE/4Q-2024_do 31.01.2025/Trenciansky_samospravny_kraj.pdf,.pdf,443450,2025-08-01 09:17:00,,433.056640625
TEMPLATES/Zamestnanie/NEDOSTATKOVÉ POZÍCIE/4Q-2024_do 31.01.2025/Presovsky_samospravny_kraj.pdf,.pdf,439040,2025-08-01 09:17:00,,428.75
TEMPLATES/Zamestnanie/NEDOSTATKOVÉ POZÍCIE/1Q-2024/Banskobystricky_samospravny_kraj  1Q-2024.pdf,.pdf,441560,2025-08-01 09:17:00,,431.2109375
TEMPLATES/Zamestnanie/NEDOSTATKOVÉ POZÍCIE/1Q-2024/Nitriansky_samospravny_kraj - 1Q-2024.pdf,.pdf,433094,2025-08-01 09:17:00,,422.943359375
TEMPLATES/Zamestnanie/NEDOSTATKOVÉ POZÍCIE/1Q-2024/Kosicky_samospravny_kraj - 1Q-2024.pdf,.pdf,437935,2025-08-01 09:17:00,,427.6708984375
TEMPLATES/Zamestnanie/NEDOSTATKOVÉ POZÍCIE/1Q-2024/Trenciansky_samospravny_kraj - 1Q-2024.pdf,.pdf,441908,2025-08-01 09:17:00,,431.55078125
TEMPLATES/Zamestnanie/NEDOSTATKOVÉ POZÍCIE/1Q-2024/Presovsky_samospravny_kraj - 1Q-2024.pdf,.pdf,437796,2025-08-01 09:17:00,,427.53515625
TEMPLATES/Zamestnanie/NEDOSTATKOVÉ POZÍCIE/1Q-2024/Bratislavsky_samospravny_kraj -1Q-2024.pdf,.pdf,456181,2025-08-01 09:17:00,,445.4892578125
TEMPLATES/Zamestnanie/NEDOSTATKOVÉ POZÍCIE/1Q-2024/Zilinsky_samospravny_kraj - 1Q-2024.pdf,.pdf,439025,2025-08-01 09:17:00,,428.7353515625
TEMPLATES/Zamestnanie/NEDOSTATKOVÉ POZÍCIE/1Q-2024/Trnavsky_samospravny_kraj - 1Q-2024.pdf,.pdf,442125,2025-08-01 09:17:00,,431.7626953125
TEMPLATES/Zamestnanie/NEDOSTATKOVÉ POZÍCIE/2Q - 2024/Presovsky_samospravny_kraj 2Q.pdf,.pdf,439603,2025-08-01 09:17:00,,429.2998046875
TEMPLATES/Zamestnanie/NEDOSTATKOVÉ POZÍCIE/2Q - 2024/Trnavsky_samospravny_kraj 2Q.pdf,.pdf,439515,2025-08-01 09:17:00,,429.2138671875
TEMPLATES/Zamestnanie/NEDOSTATKOVÉ POZÍCIE/2Q - 2024/Trenciansky_samospravny_kraj 2Q.pdf,.pdf,441372,2025-08-01 09:17:00,,431.02734375
TEMPLATES/Zamestnanie/NEDOSTATKOVÉ POZÍCIE/2Q - 2024/Banskobystricky_samospravny_kraj 2Q.pdf,.pdf,448190,2025-08-01 09:17:00,,437.685546875
TEMPLATES/Zamestnanie/NEDOSTATKOVÉ POZÍCIE/2Q - 2024/Nitriansky_samospravny_kraj 2Q.pdf,.pdf,433795,2025-08-01 09:17:00,,423.6279296875
TEMPLATES/Zamestnanie/NEDOSTATKOVÉ POZÍCIE/2Q - 2024/Bratislavsky_samospravny_kraj 2Q.pdf,.pdf,460584,2025-08-01 09:17:00,,449.7890625
TEMPLATES/Zamestnanie/NEDOSTATKOVÉ POZÍCIE/2Q - 2024/Kosicky_samospravny_kraj 2Q.pdf,.pdf,434665,2025-08-01 09:17:00,,424.4775390625
TEMPLATES/Zamestnanie/NEDOSTATKOVÉ POZÍCIE/2Q - 2024/Zilinsky_samospravny_kraj_2 2Q.pdf,.pdf,446497,2025-08-01 09:17:00,,436.0322265625
TEMPLATES/Zamestnanie/Zmena zamestnavatela/2022/Príloha - Žiadosť o potvrdenie_Lex Ukrajina.doc,.doc,107008,2025-08-01 09:17:00,,104.5
TEMPLATES/Zamestnanie/Zmena zamestnavatela/2023/Priloha_15(2).doc,.doc,104448,2025-08-01 09:17:00,,102
TEMPLATES/Medical check/Archív/Medical check - rectal self-swab.pdf,.pdf,76754,2025-08-01 09:16:00,,74.955078125
TEMPLATES/Medical check/Archív/Medical check - instruction mail.msg,.msg,180224,2025-08-01 09:16:00,,176
TEMPLATES/Konzulat materialy/Checklisty od konzulov/Priloha_c_10_Doklady_prechodny_ pobyt_na_ ucel_ podnikania.docx,.docx,57870,2025-08-01 09:16:00,,56.513671875
TEMPLATES/Konzulat materialy/Checklisty od konzulov/Otázky osobného pohovoru - AJ (work).doc,.doc,78336,2025-08-01 09:16:00,,76.5
TEMPLATES/Konzulat materialy/Checklisty od konzulov/priloha_c_15_Doklady_prechodny__pobyt__na__ucel__zlucenia__rodiny.docx,.docx,36162,2025-08-01 09:16:00,,35.314453125
TEMPLATES/Konzulat materialy/Checklisty od konzulov/PP zlucenie rodiny doklady.docx,.docx,32221,2025-08-01 09:16:00,,31.4658203125
TEMPLATES/Konzulat materialy/Checklisty od konzulov/Residence Permit 居留申请材料 (斯洛伐克语版英语版) - slovenský a anglický.pdf,.pdf,587043,2025-08-01 09:16:00,,573.2841796875
TEMPLATES/Konzulat materialy/Checklisty od konzulov/priloha_c_11_Doklady_prechodneho__pobytu__na__ucel__zamestnania.docx,.docx,39152,2025-08-01 09:16:00,,38.234375
TEMPLATES/Konzulat materialy/Checklisty od konzulov/priloha_c_13_Doklady_prechodny__pobyt__na__ucel__osobitnej_cinnosti.docx,.docx,34806,2025-08-01 09:16:00,,33.990234375
TEMPLATES/Templates - general/Banka/Bank confirmation (TatraBanka).pdf,.pdf,310211,2025-08-01 09:16:00,,302.9404296875
TEMPLATES/Templates - general/Banka/Bank confirmation (VUB).pdf,.pdf,485717,2025-08-01 09:16:00,,474.3330078125
TEMPLATES/Templates - general/Banka/Bank confirmation (UniCreditBank).pdf,.pdf,767067,2025-08-01 09:16:00,,749.0888671875
TEMPLATES/Social allowances/Prídavky na dieťa/Oznamenie_o_poskytovani_starostlivosti_o_dieta_po_dovrseni_troch_rokov_jeho_veku_na_ucely_pridavku_na_dieta - SYN.docx,.docx,51256,2025-08-01 09:16:00,,50.0546875
TEMPLATES/Social allowances/Prídavky na dieťa/Poucenie_pre_obcana_ziadajuceho_o_SSD_UP_PD.pdf,.pdf,364637,2025-08-01 09:16:00,,356.0908203125
TEMPLATES/Social allowances/Prídavky na dieťa/Checklist - Prídavky na dieťa.docx,.docx,26252,2025-08-01 09:16:00,,25.63671875
TEMPLATES/Social allowances/Prídavky na dieťa/FW_ ziadost o pridavky na dieta.msg,.msg,5346816,2025-08-01 09:16:00,,5221.5
TEMPLATES/Social allowances/Prídavky na dieťa/Ziadost_o_pridavok_na_dieta.docx,.docx,125583,2025-08-01 09:16:00,,122.6396484375
TEMPLATES/Social allowances/Prídavky na dieťa/Vyhlasenie o bydlisku PD_UP.pdf,.pdf,283536,2025-08-01 09:16:00,,276.890625
TEMPLATES/Social allowances/Rodičovský príspevok/Cestne_prehlasenie_k_RP_vo_veci_materskeho.docx,.docx,24528,2025-08-01 09:16:00,,23.953125
TEMPLATES/Social allowances/Rodičovský príspevok/FW_ ziadost o rodicovsky prispevok.msg,.msg,6886400,2025-08-01 09:16:00,,6725
TEMPLATES/Social allowances/Rodičovský príspevok/ziadost_o_rodicovsky_prispevok.pdf,.pdf,652169,2025-08-01 09:16:00,,636.8837890625
TEMPLATES/Social allowances/Rodičovský príspevok/Poucenie_pre_obcana_ziadajuceho_o_SSD_UP_PD.pdf,.pdf,364637,2025-08-01 09:16:00,,356.0908203125
TEMPLATES/Social allowances/Rodičovský príspevok/Checklist - Rodičovský príspevok.docx,.docx,26005,2025-08-01 09:16:00,,25.3955078125
TEMPLATES/Social allowances/Rodičovský príspevok/Vyhlasenie o bydlisku PD_UP.pdf,.pdf,283536,2025-08-01 09:16:00,,276.890625
TEMPLATES/Checklisty/Checklisty Embassy -  klientom/C-VISA/Checklist- C-VISA.docx,.docx,324905,2025-08-01 09:16:00,,317.2900390625
TEMPLATES/Checklisty/Checklisty Embassy -  klientom/D-VISA/Checklist-D-VISA-Embassy-Employment.docx,.docx,326048,2025-08-01 09:16:00,,318.40625
TEMPLATES/Checklisty/Checklisty Embassy -  klientom/D-VISA/Checklist-D-VISA-Embassy-Child (family reunification).docx,.docx,324426,2025-08-01 09:16:00,,316.822265625
TEMPLATES/Checklisty/Checklisty Embassy -  klientom/D-VISA/Checklist-D-VISA-Embassy-Business.docx,.docx,325309,2025-08-01 09:16:00,,317.6845703125
TEMPLATES/Checklisty/Checklisty Embassy -  klientom/D-VISA/Checklist-D-VISA-Embassy - high qualified.docx,.docx,326879,2025-08-01 09:16:00,,319.2177734375
TEMPLATES/Checklisty/Checklisty Embassy -  klientom/D-VISA/Checklist-D-VISA-Embassy-Spouse (family reunification).docx,.docx,324545,2025-08-01 09:16:00,,316.9384765625
TEMPLATES/Checklisty/Checklisty Embassy -  klientom/D-VISA/Checklist-D-VISA-Embassy-Special activity.docx,.docx,325134,2025-08-01 09:16:00,,317.513671875
TEMPLATES/Checklisty/Checklisty Embassy -  klientom/RP/Checklist-RP-Embassy-Spouse (family reunification).docx,.docx,329125,2025-08-01 09:16:00,,321.4111328125
TEMPLATES/Checklisty/Checklisty Embassy -  klientom/RP/Checklist-RP-Embassy-Special activity.docx,.docx,325847,2025-08-01 09:16:00,,318.2099609375
TEMPLATES/Checklisty/Checklisty Embassy -  klientom/RP/Checklist-RP-Embassy-EmployementUPRAVIT.docx,.docx,325817,2025-08-01 09:16:00,,318.1806640625
TEMPLATES/Checklisty/Checklisty Embassy -  klientom/RP/Checklist-RP-Embassy-ICT.docx,.docx,325997,2025-08-01 09:16:00,,318.3564453125
TEMPLATES/Checklisty/Checklisty Embassy -  klientom/RP/Checklist-RP-Embassy-Child (family reunification).docx,.docx,324807,2025-08-01 09:16:00,,317.1943359375
TEMPLATES/Checklisty/Checklisty Embassy -  klientom/RP/Checklist-RP-Embassy-Business.docx,.docx,325839,2025-08-01 09:16:00,,318.2021484375
TEMPLATES/SPoA/Peter/SPoA_Te_ – CP.docx,.docx,338145,2025-08-01 09:16:00,,330.2197265625
TEMPLATES/SPoA/Peter/SPoA_Te_- Overené pozvanie.docx,.docx,334332,2025-08-01 09:16:00,,326.49609375
TEMPLATES/SPoA/Peter/SPoA_Te_UP- Štátne občianstvo.docx,.docx,334963,2025-08-01 09:16:00,,327.1123046875
TEMPLATES/SPoA/Peter/SPoA_Te_- živnostenský register.docx,.docx,26989,2025-08-01 09:16:00,,26.3564453125
TEMPLATES/SPoA/Peter/SPoA_Te_-Soc.poisťovňa.docx,.docx,334731,2025-08-01 09:16:00,,326.8857421875
TEMPLATES/SPoA/Peter/SPoA_Te_-Soc.poisťovňa_materske_UP.docx,.docx,334702,2025-08-01 09:16:00,,326.857421875
TEMPLATES/SPoA/Peter/SPoA_Te_prepis vozidla.docx,.docx,334709,2025-08-01 09:16:00,,326.8642578125
TEMPLATES/SPoA/Peter/SPoA_Te_-D-víza (Viedeň).docx,.docx,25142,2025-08-01 09:16:00,,24.552734375
TEMPLATES/SPoA/Anna/SPoA_An_- Overené pozvanie.docx,.docx,348761,2025-08-01 09:16:00,,340.5869140625
TEMPLATES/SPoA/Anna/SPoA_An_prepis vozidla.docx,.docx,349103,2025-08-01 09:16:00,,340.9208984375
TEMPLATES/SPoA/Anna/SPoA_Te_An- Štátne občianstvo.docx,.docx,349408,2025-08-01 09:16:00,,341.21875
TEMPLATES/SPoA/Anna/SPoA_An_ – CP.docx,.docx,352595,2025-08-01 09:16:00,,344.3310546875
TEMPLATES/SPoA/Anna/CP.pdf,.pdf,118815,2025-08-01 09:16:00,,116.0302734375
TEMPLATES/SPoA/Anna/SPoA_An_-Soc.poisťovňa.docx,.docx,349135,2025-08-01 09:16:00,,340.9521484375
TEMPLATES/SPoA/Anna/SPoA_An_- živnostenský register.docx,.docx,27095,2025-08-01 09:16:00,,26.4599609375
TEMPLATES/SPoA/Monika/SPoA_Mo_-Soc.poisťovňa_materske_UP.docx,.docx,337018,2025-08-01 09:16:00,,329.119140625
TEMPLATES/SPoA/Monika/SPoA_Mo_UPSVAR_4.11..pdf,.pdf,1042689,2025-08-01 09:16:00,,1018.2509765625
TEMPLATES/SPoA/Monika/SPoA_Mo_UP- Štátne občianstvo.docx,.docx,337211,2025-08-01 09:16:00,,329.3076171875
TEMPLATES/SPoA/Monika/SpoA Monika_.docx,.docx,288559,2025-08-01 09:16:00,,281.7958984375
TEMPLATES/SPoA/Monika/SPoA_Mo_- živnostenský register.docx,.docx,29778,2025-08-01 09:16:00,,29.080078125
TEMPLATES/SPoA/Monika/SPoA_Mo_-Soc.poisťovňa – kópia.docx,.docx,337247,2025-08-01 09:16:00,,329.3427734375
TEMPLATES/SPoA/Monika/SPoA_Mo_-Soc.poisťovňa.docx,.docx,336894,2025-08-01 09:16:00,,328.998046875
TEMPLATES/SPoA/Monika/SPoA_Mo_ – CP.docx,.docx,337555,2025-08-01 09:16:00,,329.6435546875
TEMPLATES/SPoA/Monika/SPoA_Mo_UPSVAR.pdf,.pdf,1947424,2025-08-01 09:16:00,,1901.78125
TEMPLATES/SPoA/Monika/SPoA_Mo_-D-víza (Viedeň).docx,.docx,27643,2025-08-01 09:16:00,,26.9951171875
TEMPLATES/SPoA/Monika/SPoA_Mo_prepis vozidla.docx,.docx,334367,2025-08-01 09:16:00,,326.5302734375
TEMPLATES/SPoA/Monika/SpoA Monika UP_podania cez portal.docx,.docx,287810,2025-08-01 09:16:00,,281.064453125
TEMPLATES/SPoA/Monika/SPoA_Mo_- Overené pozvanie.docx,.docx,339413,2025-08-01 09:16:00,,331.4580078125
TEMPLATES/SPoA/Monika/SPoA_Mo_UP- Štátne občianstvo.pdf,.pdf,1005481,2025-08-01 09:16:00,,981.9150390625
TEMPLATES/SPoA/Zuzka/SPoA_An_- Overené pozvanie.docx,.docx,334254,2025-08-01 09:16:00,,326.419921875
TEMPLATES/SPoA/Zuzka/SPoA_An_prepis vozidla.docx,.docx,334707,2025-08-01 09:16:00,,326.8623046875
TEMPLATES/SPoA/Zuzka/SPoA_Te_An- Štátne občianstvo.docx,.docx,334895,2025-08-01 09:16:00,,327.0458984375
TEMPLATES/SPoA/Zuzka/SPoA_An_ – CP.docx,.docx,335349,2025-08-01 09:16:00,,327.4892578125
TEMPLATES/SPoA/Zuzka/SPoA_An_-Soc.poisťovňa.docx,.docx,334664,2025-08-01 09:16:00,,326.8203125
TEMPLATES/SPoA/Zuzka/SPoA_An_- živnostenský register.docx,.docx,27017,2025-08-01 09:16:00,,26.3837890625
TEMPLATES/SPoA/Terezka/SPoA_Te_ – CP.docx,.docx,352263,2025-08-01 09:16:00,,344.0068359375
TEMPLATES/SPoA/Terezka/SPoA_Te_- Overené pozvanie.docx,.docx,351511,2025-08-01 09:16:00,,343.2724609375
TEMPLATES/SPoA/Terezka/SPoA_Te_UP- Štátne občianstvo.docx,.docx,337360,2025-08-01 09:16:00,,329.453125
TEMPLATES/SPoA/Terezka/SPoA_Te_- živnostenský register.docx,.docx,29441,2025-08-01 09:16:00,,28.7509765625
TEMPLATES/SPoA/Terezka/SPoA_Te_-Soc.poisťovňa.docx,.docx,354656,2025-08-01 09:16:00,,346.34375
TEMPLATES/SPoA/Terezka/SPoA_Te_-Soc.poisťovňa_materske_UP.docx,.docx,337035,2025-08-01 09:16:00,,329.1357421875
TEMPLATES/SPoA/Terezka/SPoA_Te_prepis vozidla.docx,.docx,337219,2025-08-01 09:16:00,,329.3154296875
TEMPLATES/SPoA/Terezka/SPoA_Te_-D-víza (Viedeň).docx,.docx,27626,2025-08-01 09:16:00,,26.978515625
TEMPLATES/SPoA/Katka/SpoA Katka UP_podania cez portal.docx,.docx,288559,2025-08-01 09:16:00,,281.7958984375
TEMPLATES/SPoA/Katka/SpoA Katka CP a UP.docx,.docx,290449,2025-08-01 09:16:00,,283.6416015625
TEMPLATES/SPoA/Katka/SPoA_Katka_- Overené pozvanie.docx,.docx,337137,2025-08-01 09:16:00,,329.2353515625
TEMPLATES/SPoA/Katka/SPoA_Katka_ – CP.docx,.docx,355877,2025-08-01 09:16:00,,347.5361328125
TEMPLATES/E-mails/E-mail after the approval/E-mail after the approval (employement + family reunion).docx,.docx,28453,2025-08-01 09:16:00,,27.7861328125
TEMPLATES/E-mails/E-mail after the approval/Granted residence permit and received residence permit cards .msg,.msg,1209344,2025-08-01 09:16:00,,1181
TEMPLATES/E-mails/Introductory e-mail for individual/Introductory e-mail - D-VISA + RP.docx,.docx,30050,2025-08-01 09:16:00,,29.345703125
TEMPLATES/E-mails/Introductory e-mail for individual/Introductory e-mail - EÚ.docx,.docx,29398,2025-08-01 09:16:00,,28.708984375
TEMPLATES/E-mails/Landlord´s confirmation - vysvetelená doba do neurčito/Landlord´s confirmation - vysvetlené indifinetelly.docx,.docx,20062,2025-08-01 09:16:00,,19.591796875
TEMPLATES/E-mails/Landlord´s confirmation - vysvetelená doba do neurčito/Čestné prehlásenie o poskytnutí ubytovania - Çiğdem Avci Soyüret a Sarper Soyüret .msg,.msg,156160,2025-08-01 09:16:00,,152.5
TEMPLATES/E-mails/Landlord´s confirmation - vysvetelená doba do neurčito/Landlord´s confirmation.msg,.msg,1156608,2025-08-01 09:16:00,,1129.5
TEMPLATES/E-mails/Landlord´s confirmation - vysvetelená doba do neurčito/RE_ Nájom - p_ Babić.msg,.msg,161792,2025-08-01 09:16:00,,158
TEMPLATES/E-mails/Next Steps after approval/Next steps (family).docx,.docx,23921,2025-08-01 09:16:00,,23.3603515625
TEMPLATES/E-mails/Next Steps after approval/Ďalšie kroky (zamestnanie).docx,.docx,25378,2025-08-01 09:16:00,,24.783203125
TEMPLATES/E-mails/Next Steps after approval/Next steps (employement).docx,.docx,24933,2025-08-01 09:16:00,,24.3486328125
TEMPLATES/E-mails/Purchase order - information - specific cases/Exemption for submitting the application for D national visas without your physical presense + submit the application for residence permit .msg,.msg,82432,2025-08-01 09:16:00,,80.5
TEMPLATES/E-mails/Purchase order - information - specific cases/Residence permit for purpose of business.docx,.docx,25281,2025-08-01 09:16:00,,24.6884765625
TEMPLATES/E-mails/Purchase order - information - specific cases/Assistance with obtaining the Slovak state citizenship.msg,.msg,117760,2025-08-01 09:16:00,,115
TEMPLATES/E-mails/D-VISA - submission at the embassy/D-VISA (1st).docx,.docx,30308,2025-08-01 09:16:00,,29.59765625
TEMPLATES/E-mails/D-VISA - submission at the embassy/D - VISA (high qualified people).docx,.docx,24303,2025-08-01 09:16:00,,23.7333984375
TEMPLATES/E-mails/D-VISA - submission at the embassy/Schválenie TRP + pozvánka z ambasády na D-víza.eml,.eml,71712,2025-08-01 09:16:00,,70.03125
TEMPLATES/E-mails/D-VISA - submission at the embassy/D-VISA (granted residence permit).docx,.docx,26414,2025-08-01 09:16:00,,25.794921875
TEMPLATES/E-mails/Visit of the Foreign Police/Inštrukcie - cudzinecká polícia.docx,.docx,377448,2025-08-01 09:16:00,,368.6015625
TEMPLATES/E-mails/Visit of the Foreign Police/Instructions for appointment at the Foreign police.docx,.docx,378155,2025-08-01 09:16:00,,369.2919921875
TEMPLATES/E-mails/Termination of the residency - employement/Ukončenie pobytu .msg,.msg,230400,2025-08-01 09:16:00,,225
TEMPLATES/E-mails/Medical Check/Žiadosť o udelenie termínu na vyšetrenie na cudzokrajné chorob.msg,.msg,5022208,2025-08-01 09:16:00,,4904.5
TEMPLATES/E-mails/Medical Check/Medical check - paid by us + bez doprovodu.docx,.docx,23631,2025-08-01 09:16:00,,23.0771484375
TEMPLATES/E-mails/Medical Check/Objednavka na vysetrenie paid by us + s doprovodom.msg,.msg,903168,2025-08-01 09:16:00,,882
TEMPLATES/E-mails/Medical Check/Medical check - plati klient.docx,.docx,25915,2025-08-01 09:16:00,,25.3076171875
TEMPLATES/E-mails/Medical Check/Objednávka termínu na vyšetrenie.docx,.docx,23083,2025-08-01 09:16:00,,22.5419921875
TEMPLATES/E-mails/Verified invitation/RE Segula India Member travel to Slovakia on Business trip  11-jun to 8-Sep.msg,.msg,8875520,2025-08-01 09:16:00,,8667.5
TEMPLATES/E-mails/Verified invitation/Verified invitation_instructions.docx,.docx,25471,2025-08-01 09:16:00,,24.8740234375
TEMPLATES/E-mails/Verified invitation/RE Verified invitation  - India - požiadavky VFS.msg,.msg,455680,2025-08-01 09:16:00,,445
TEMPLATES/E-mails/Introductory e-mail for employee/Introduction _ Relocation agency.msg,.msg,133632,2025-08-01 09:16:00,,130.5
TEMPLATES/E-mails/ICT/ICT.msg,.msg,205312,2025-08-01 09:16:00,,200.5
TEMPLATES/E-mails/Introductory e-mail for employer/Prechodny pobyt za ucelom zamestnania _ zamestnavatel.msg,.msg,1177088,2025-08-01 09:16:00,,1149.5
TEMPLATES/E-mails/Dopyty - odpovede/Štátne občianstvo.docx,.docx,23433,2025-08-01 09:16:00,,22.8837890625
TEMPLATES/E-mails/Medical Check/Archív/Medical check instructions - 26th of July .msg,.msg,252928,2025-08-01 09:16:00,,247
TEMPLATES/E-mails/Medical Check/Archív/Medical check instructions - 072023.msg,.msg,129024,2025-08-01 09:16:00,,126
TEMPLATES/E-mails/Medical Check/Archív/Medical check instructions ENG.msg,.msg,230400,2025-08-01 09:16:00,,225
TEMPLATES/E-mails/Medical Check/Archív/Alone - Medical check instructions - 26th of July.msg,.msg,221184,2025-08-01 09:16:00,,216
TEMPLATES/E-mails/Summary e-mail/NON-EÚ/Summary email after prolongation of the RP card.msg,.msg,2415104,2025-08-01 09:16:00,,2358.5
TEMPLATES/E-mails/Summary e-mail/NON-EÚ/Summary e-mail - NON-EÚ.docx,.docx,27064,2025-08-01 09:16:00,,26.4296875
TEMPLATES/E-mails/Summary e-mail/NON-EÚ/Zhrňujúci e-mail.docx,.docx,23259,2025-08-01 09:16:00,,22.7138671875
TEMPLATES/E-mails/Summary e-mail/NON-EÚ/RP advice - NON-EÚ.pdf,.pdf,2247311,2025-08-01 09:16:00,,2194.6396484375
TEMPLATES/E-mails/Summary e-mail/NON-EÚ/Summary email - pobyt Non-EU a SK manzelia.docx,.docx,24815,2025-08-01 09:16:00,,24.2333984375
TEMPLATES/E-mails/Summary e-mail/EÚ/Zhrňujúci e-mail Eú občan.docx,.docx,22168,2025-08-01 09:16:00,,21.6484375
TEMPLATES/E-mails/Summary e-mail/EÚ/CP EÚ.pdf,.pdf,1744985,2025-08-01 09:16:00,,1704.0869140625
TEMPLATES/E-mails/Summary e-mail/EÚ/Summary email EU.docx,.docx,23333,2025-08-01 09:16:00,,22.7861328125
TEMPLATES/E-mails/Dopyty - odpovede/Employment and work permit/Aj D-víza potrebné.msg,.msg,136704,2025-08-01 09:16:00,,133.5
TEMPLATES/E-mails/Dopyty - odpovede/Employment and work permit/dlhodobý pobyt v EU (3. kr) - § 30 zakona o pobyte - dlhodoby pobyt v inom clenskom state eu.msg,.msg,232448,2025-08-01 09:16:00,,227
TEMPLATES/E-mails/Dopyty - odpovede/Employment and work permit/Company - Work and residence.msg,.msg,202240,2025-08-01 09:16:00,,197.5
TEMPLATES/E-mails/Dopyty - odpovede/Employment and work permit/RP Employment - what does it contains.msg,.msg,186368,2025-08-01 09:16:00,,182
TEMPLATES/E-mails/Dopyty - odpovede/Employment and work permit/Bez D-víza - kartička pobytu v rámci EÚ.msg,.msg,150528,2025-08-01 09:16:00,,147
TEMPLATES/E-mails/Dopyty - odpovede/Employment and work permit/Residence permit for purpose of employement + assistance with D-VISA .msg,.msg,150016,2025-08-01 09:16:00,,146.5
TEMPLATES/E-mails/Dopyty - odpovede/Employment and work permit/Work permit.msg,.msg,168448,2025-08-01 09:16:00,,164.5
TEMPLATES/E-mails/Dopyty - odpovede/Business/PP za účelom podnikania.docx,.docx,22487,2025-08-01 09:16:00,,21.9599609375
TEMPLATES/E-mails/Dopyty - odpovede/Business/Business.msg,.msg,137728,2025-08-01 09:16:00,,134.5
TEMPLATES/E-mails/Dopyty - odpovede/Business/Residence permit for purpose of business.msg,.msg,174080,2025-08-01 09:16:00,,170
TEMPLATES/E-mails/Dopyty - odpovede/ÚP  -  služby zamestnanosti (prístup + reakcie)/Vytvorenie pristupov do portalu sluzby zamestnanosti.msg,.msg,97280,2025-08-01 09:16:00,,95
TEMPLATES/E-mails/Dopyty - odpovede/ÚP  -  služby zamestnanosti (prístup + reakcie)/Úrad práce - reakcie na ponuky.msg,.msg,244224,2025-08-01 09:16:00,,238.5
TEMPLATES/Podnikanie/Moje sídlo - zmena FA údajov + scan/Re_ Armen Rostomyan - fakturačné údaje - _NBL-SFFKP-422_.msg,.msg,107520,2025-08-01 09:16:00,,105
TEMPLATES/Podnikanie/Moje sídlo - zníženie obdobia/Re_ Alona Pedchenko - predĺženie služieb na nasledujúce obdobie - _SKL-NSFGC-800_.msg,.msg,105984,2025-08-01 09:16:00,,103.5
